ID,NAME,COLOUR,GENDER_RECOMMENDATION,SIZE,PRICE,RATING,AVAILABILITY
ADC14536258MP,Adidas Men Purple Slim Fit Aeroready,Purple,M,M,1199.00,3.8,Y
ADC23627167MM,Adidas Solid Freelift Tennis T-shirt,Maroon,U,M,2000.00,3.1,Y
ADC23627167LB,Adidas Solid Freelift Tennis T-shirt,Black,U,L,2100.00,3.5,N
ADC13242545LY,Adidas Designed2Move T,Yellow,M,L,3000.00,3.8,Y
ADC36537443SB,Adidas Printed Win 2.0 Tee,Blue,F,S,1799.00,4.2,Y
ADC53627567IL,Adidas Solid Freelift Tennis T-shirt,Black,U,L,3300.00,4.5,Y
ADC43627347PW,Adidas Solid Freelift Tennis T-shirt,Black,U,L,500.00,3.5,N
ADC73624217CF,Adidas Solid Freelift Tennis T-shirt,Black,U,L,1500.00,1.5,Y