{
  "StudentData": [
    {
      "rollno": 1,
      "name": "Rudra",
      "dob": "2000-01-01",
      "score": 90
    },
    {
      "rollno": 5,
      "name": "Shiva",
      "dob": "2002-02-02",
      "score": 67
    },
    {
      "rollno": 3,
      "name": "Aashu",
      "dob": "1999-09-10",
      "score": 99
    },
    {
      "rollno": 7,
      "name": "Mitchel Starc",
      "dob": "2004-05-04",
      "score": 76
    },
    {
      "rollno": 2,
      "name": "Rahul ",
      "dob": "2022-10-01",
      "score": 100
    },
    {
      "rollno": 12,
      "name": "Nike Air Jordan",
      "dob": "2001-01-01",
      "score": 212
    }
  ]
}