<?xml version="1.0" encoding="UTF-8"?>

<!DOCTYPE hibernate-configuration SYSTEM "http://www.hibernate.org/dtd/hibernate-configuration-3.0.dtd">

<hibernate-configuration>

	<session-factory>
		<property name="hibernate.connection.driver_class">com.mysql.cj.jdbc.Driver</property>
		<property name="hibernate.connection.url">jdbc:mysql://localhost:3306/product_information</property>
		<property name="hibernate.connection.username">root</property>
		<property name="hibernate.connection.password">root</property>
		<property name="hibernate.connection.pool_size">100</property>

		<!-- SQL dialect selection dialect specify the type of database used in 
			hibrnate so that hibernate generate appropriate type of sql statement -->
		<property name="dialect">org.hibernate.dialect.MySQL5InnoDBDialect</property>

		<!-- Echo the SQL stdout (Enable the logging of all the generated SQL statements 
			to the console ) -->
		<property name="hibernate.show_sql">true</property>

		<!-- Format the sql querry if u want u can true its value -->
		<property name="format_sql">true</property>
		
		<!-- Use to create and drop table automatically -->
		<property name="hbm2ddl.auto">update</property>

		<!-- set the currennt session context -->
		<property name="hibernate.current_session_context_class">thread</property>

	</session-factory>

</hibernate-configuration>